Customer_ID,Transaction_Count,Total_Amount,Avg_Amount,Std_Amount,Min_Amount,Max_Amount
1,6,16836.0,2806.0,2062.3106458533352,156.0,4993.0
2,2,4907.0,2453.5,560.7356774809322,2057.0,2850.0
3,1,1538.0,1538.0,0.0,1538.0,1538.0
4,2,8295.0,4147.5,832.2646814565664,3559.0,4736.0
5,5,14798.0,2959.6,1386.5840400062305,1508.0,4878.0
6,3,8694.0,2898.0,137.85136923512948,2749.0,3021.0
7,2,3572.0,1786.0,1755.039030905011,545.0,3027.0
8,6,12252.0,2042.0,1939.656773761791,60.0,4681.0
9,8,17320.0,2165.0,1737.6554812242186,241.0,4789.0
10,6,15682.0,2613.6666666666665,1794.7050639775514,529.0,4867.0
11,1,4993.0,4993.0,0.0,4993.0,4993.0
12,5,15415.0,3083.0,1463.8854121822515,1115.0,4970.0
13,9,18490.0,2054.4444444444443,1296.505795504894,121.0,4207.0
14,7,19347.0,2763.8571428571427,1307.6744534441575,830.0,4741.0
15,8,24962.5,3120.3125,1313.465017683597,1107.0,4665.0
16,8,28563.0,3570.375,1366.9330569354365,763.0,4901.0
17,5,14484.0,2896.8,1014.9747287494404,1539.0,4364.0
18,4,8074.0,2018.5,1198.856816582642,689.0,3439.0
19,3,6929.0,2309.6666666666665,1077.5139596930212,1229.0,3384.0
20,1,4408.0,4408.0,0.0,4408.0,4408.0
21,6,14190.0,2365.0,1476.1335982898024,470.0,4359.0
22,3,7440.0,2480.0,2069.9712558390756,1220.0,4869.0
23,10,19490.5,1949.05,1318.1867269936465,122.0,4570.0
24,4,16534.0,4133.5,588.3748804971198,3304.0,4690.0
25,4,12719.0,3179.75,847.0396980071241,2292.0,4310.0
26,4,9026.0,2256.5,1424.850986360796,952.0,3955.0
27,5,12674.0,2534.8,1380.1437243997452,1244.0,4350.0
28,7,20987.0,2998.1428571428573,1716.5492932597292,654.0,4631.0
29,3,4253.0,1417.6666666666667,1788.99478292513,38.0,3439.0
30,9,22781.0,2531.222222222222,1694.4222302733297,297.0,4873.0
31,6,14962.0,2493.6666666666665,1442.0570954947195,1171.0,4907.0
32,9,28958.0,3217.5555555555557,1853.6543711754298,359.0,4944.0
33,3,5771.0,1923.6666666666667,911.4616466606443,1190.0,2944.0
34,6,16045.0,2674.1666666666665,1742.7676169434255,22.0,4925.0
35,3,8533.0,2844.3333333333335,936.9532183270055,1767.0,3469.0
36,9,24595.0,2732.777777777778,1887.506806463077,61.0,4907.0
37,6,11818.0,1969.6666666666667,825.9664440318787,537.0,2695.0
38,9,26319.0,2924.3333333333335,1422.1285982638842,715.0,4457.0
39,10,26202.0,2620.2,1409.62641228881,342.0,4547.0
40,4,6511.0,1627.75,868.3222807997809,363.0,2273.0
41,4,16246.0,4061.5,1275.082873123678,2217.0,4964.0
42,4,9132.0,2283.0,1178.5748455938922,1076.0,3324.0
43,5,5050.0,1010.0,832.3004265287865,75.0,2304.0
44,4,9153.0,2288.25,1916.7647003914346,262.0,4826.0
45,4,11109.0,2777.25,2219.874977710832,628.0,4911.0
46,7,8310.0,1187.142857142857,772.7296699733632,644.0,2837.0
47,8,19663.0,2457.875,671.5254356420803,1262.0,3163.0
48,4,11357.0,2839.25,1450.9786065503056,891.0,4364.0
49,3,6676.0,2225.3333333333335,1674.518537769389,757.0,4049.0
50,6,7730.0,1288.3333333333333,1237.566914015831,235.0,3501.0
51,6,13557.0,2259.5,1529.2549493135539,565.0,4654.0
52,8,23619.0,2952.375,1644.0819355233746,143.0,4928.0
53,5,16540.0,3308.0,1692.883782189433,696.0,4741.0
55,6,19847.0,3307.8333333333335,1234.8041815067954,1365.0,4915.0
56,5,11507.5,2301.5,1248.4619537655121,273.0,3614.0
57,2,2570.0,1285.0,87.68124086713189,1223.0,1347.0
58,4,6288.0,1572.0,1083.985547259126,42.0,2411.0
59,7,21426.5,3060.9285714285716,1370.830357501474,1260.0,4629.0
60,2,2784.0,1392.0,772.1606050557099,846.0,1938.0
61,2,1848.0,924.0,717.0062761231592,417.0,1431.0
62,5,7112.0,1422.4,1413.9696955734235,380.0,3374.0
63,4,8523.5,2130.875,1722.1555473204696,368.0,4365.0
64,1,4518.0,4518.0,0.0,4518.0,4518.0
65,4,7665.0,1916.25,994.0487496429272,1059.0,3218.0
66,7,17029.5,2432.785714285714,1428.2206837280335,655.0,4379.0
67,6,17507.0,2917.8333333333335,1259.2741427769677,393.0,3747.0
68,7,15692.0,2241.714285714286,1417.7582909045432,405.0,4705.0
69,6,11484.0,1914.0,1688.9331543906644,299.0,4334.0
70,3,6152.0,2050.6666666666665,1086.0001534683747,965.0,3137.0
71,7,12508.0,1786.857142857143,1400.8176693835437,123.0,3639.0
72,6,23293.0,3882.1666666666665,822.3022355962962,2844.0,4848.0
73,6,12600.0,2100.0,1661.031486757551,182.0,3869.0
74,7,7363.0,1051.857142857143,782.4722420148906,211.0,2495.0
75,3,9301.0,3100.3333333333335,936.3654913191393,2056.0,3865.0
76,2,5693.0,2846.5,1679.3786053180504,1659.0,4034.0
77,7,15132.5,2161.785714285714,1035.8938916519899,80.0,3309.0
78,9,25838.0,2870.8888888888887,1476.5576050771306,584.0,4818.0
79,10,30179.0,3017.9,1193.7429883447367,1189.0,4770.0
80,4,14875.0,3718.75,1575.297299982874,1383.0,4815.0
81,8,20282.0,2535.25,1312.6580176986583,99.0,4077.0
82,4,15031.0,3757.75,968.2366704478818,2600.0,4907.0
83,7,15720.0,2245.714285714286,1589.708224201925,558.0,4572.0
84,8,22828.0,2853.5,1641.860704027163,282.0,4578.0
85,5,10414.0,2082.8,1169.3567462498345,700.0,3682.0
86,5,11973.0,2394.6,1568.2626693255183,401.0,4546.0
87,7,11480.0,1640.0,1209.1804386994247,148.0,3042.0
89,2,2318.0,1159.0,83.43860018001261,1100.0,1218.0
90,6,15559.0,2593.1666666666665,1155.9813868167025,1369.0,4007.0
91,3,9780.0,3260.0,1143.1132927229917,2366.0,4548.0
92,5,11939.0,2387.8,1160.993410834015,1263.0,3996.0
93,3,6254.0,2084.6666666666665,1694.0361074467492,483.0,3858.0
94,2,7010.0,3505.0,1073.3880938411792,2746.0,4264.0
95,8,21748.0,2718.5,1359.57073057218,458.0,4921.0
96,4,9522.0,2380.5,1266.2673493382035,626.0,3566.0
97,5,10806.0,2161.2,1823.417039516742,124.0,4670.0
98,2,2557.5,1278.75,1700.94536214424,76.0,2481.5
99,5,12878.0,2575.6,1052.204732929861,1029.0,3801.0
100,4,5850.0,1462.5,872.2692627088649,919.0,2760.0
101,1,1552.0,1552.0,0.0,1552.0,1552.0
102,2,9005.0,4502.5,484.36814511278504,4160.0,4845.0
103,8,20527.0,2565.875,1592.5144930939516,373.0,4451.0
104,6,17712.5,2952.0833333333335,1177.3758285554645,1639.0,4739.0
105,7,12515.0,1787.857142857143,991.0052856521382,766.0,3456.0
106,9,18226.0,2025.111111111111,1610.0686665826122,104.0,4834.0
107,6,9201.0,1533.5,1238.1249936900556,200.0,3413.0
108,7,22922.0,3274.5714285714284,1062.9405529227017,1956.0,4370.0
109,5,7492.0,1498.4,1996.942988670433,72.0,4549.0
110,4,5303.0,1325.75,1201.2402965268857,519.0,3099.0
111,6,13866.0,2311.0,1548.9739829964865,321.0,4203.0
112,7,15824.0,2260.5714285714284,1238.5740264706099,807.0,4141.0
113,8,21835.0,2729.375,1678.3420337174593,169.0,4844.0
114,2,3761.0,1880.5,1130.6637431172894,1081.0,2680.0
115,4,5208.5,1302.125,1082.2761797095354,54.0,2481.5
116,7,22430.5,3204.3571428571427,1110.186797881544,2374.0,4858.0
117,8,23698.0,2962.25,1207.8450409125928,1489.0,4497.0
118,3,10669.0,3556.3333333333335,1498.3648865791447,1833.0,4551.0
119,3,8152.0,2717.3333333333335,1612.7592298087563,894.0,3957.0
120,7,12990.0,1855.7142857142858,1428.772866750312,121.0,4486.0
121,2,6941.0,3470.5,1133.4921702420356,2669.0,4272.0
122,8,22732.0,2841.5,1283.4501492906866,847.0,4586.0
123,4,9326.0,2331.5,1640.8953856558517,792.0,4265.0
124,1,1017.0,1017.0,0.0,1017.0,1017.0
125,3,12811.0,4270.333333333333,603.8355184430055,3739.0,4927.0
126,1,4171.0,4171.0,0.0,4171.0,4171.0
127,3,7813.0,2604.3333333333335,1138.648467848323,1558.0,3817.0
128,4,12388.0,3097.0,960.5467193218662,1909.0,4048.0
129,5,17920.0,3584.0,937.0707017082542,2334.0,4766.0
130,3,13153.0,4384.333333333333,836.2633157883547,3424.0,4952.0
131,5,15541.0,3108.2,1086.1052895552991,2038.0,4361.0
132,5,8478.0,1695.6,1906.5139128786866,170.0,3883.0
133,4,6645.5,1661.375,1674.8493153614347,21.0,3607.0
134,4,8267.0,2066.75,1049.098779905877,1047.0,3138.0
135,4,9408.0,2352.0,1643.9754661591924,940.0,4643.0
136,6,22198.0,3699.6666666666665,1063.8612064863848,2132.0,4632.0
137,1,3520.0,3520.0,0.0,3520.0,3520.0
138,3,7340.0,2446.6666666666665,2253.295882331775,283.0,4780.0
139,2,5581.0,2790.5,17.67766952966369,2778.0,2803.0
140,1,3528.0,3528.0,0.0,3528.0,3528.0
141,4,11646.0,2911.5,1434.9277566019366,819.0,4081.0
142,7,24363.0,3480.4285714285716,1391.3876595139182,1368.0,4592.0
143,4,9366.0,2341.5,1414.711867012738,426.0,3416.0
144,3,10382.0,3460.6666666666665,1532.4311838817864,1692.0,4392.0
145,7,12295.0,1756.4285714285713,685.3096276241023,689.0,2679.0
146,5,12493.0,2498.6,1257.8232387740338,1250.0,4593.0
147,4,5190.0,1297.5,725.3874826601298,266.0,1955.0
148,8,18354.0,2294.25,815.5227508431983,1079.0,3178.0
149,12,34396.0,2866.3333333333335,1636.5258286622877,342.0,4777.0
150,4,14793.0,3698.25,1280.604382052995,2089.0,4958.0
151,4,12631.0,3157.75,1137.5123076257241,1935.0,4474.0
152,7,22796.0,3256.5714285714284,1251.673660496598,1697.0,4902.0
153,5,14655.0,2931.0,958.5037819435039,2036.0,4328.0
154,6,15514.0,2585.6666666666665,1538.4708858690392,527.0,4593.0
155,6,16773.5,2795.5833333333335,1848.1865278338837,266.0,4963.0
156,8,22277.5,2784.6875,1238.6005045297813,606.0,4319.0
157,4,8350.0,2087.5,1379.936592746203,958.0,3896.0
158,5,12497.0,2499.4,2133.4220866954574,304.0,4828.0
159,3,8296.0,2765.3333333333335,2112.1272057651577,374.0,4376.0
160,3,6309.0,2103.0,2269.032172535242,125.0,4580.0
161,12,28552.5,2379.375,1406.5195782013263,451.0,4756.0
162,7,12887.0,1841.0,1369.992944020759,417.0,4328.0
163,1,737.0,737.0,0.0,737.0,737.0
164,4,12567.0,3141.75,1619.0858274553163,792.0,4270.0
165,4,13925.0,3481.25,1090.0621924153381,2182.0,4833.0
166,4,9306.0,2326.5,1286.0861816638364,1501.0,4244.0
167,6,10262.0,1710.3333333333333,875.380755252631,397.0,2656.0
168,6,7771.0,1295.1666666666667,859.6104738000037,644.0,2455.0
169,9,21372.0,2374.6666666666665,1590.9384808973603,93.0,4703.0
170,1,1702.0,1702.0,0.0,1702.0,1702.0
171,2,3641.0,1820.5,737.5123727775691,1299.0,2342.0
172,7,17092.0,2441.714285714286,1173.854436501919,524.0,4113.0
173,4,10760.0,2690.0,1190.4640551762438,1691.0,4322.0
174,3,5613.0,1871.0,2259.532473765314,324.0,4464.0
175,7,16274.0,2324.8571428571427,1556.6960127752868,153.0,4202.0
176,4,10166.0,2541.5,985.2656156252148,1125.0,3298.0
177,6,11113.0,1852.1666666666667,1372.4852518940472,249.0,3184.0
178,6,11801.5,1966.9166666666667,1623.3838245056731,13.0,4181.0
179,4,8134.0,2033.5,1952.4476091989425,303.0,4759.0
180,5,11064.0,2212.8,1359.5779492180652,152.0,3623.0
181,4,10698.0,2674.5,2119.648005369445,649.0,4667.0
182,2,4709.0,2354.5,2932.3718215806125,281.0,4428.0
183,6,13940.0,2323.3333333333335,1557.6949209221514,729.0,4882.0
184,6,14820.0,2470.0,1858.7761565072863,164.0,4760.0
185,7,15906.0,2272.285714285714,1894.7430533175834,117.0,4774.0
186,7,18257.0,2608.1428571428573,1373.0055145035444,927.0,4671.0
187,3,5919.0,1973.0,1787.0542800933608,751.0,4024.0
188,4,10912.0,2728.0,1850.4298599694791,1078.0,4954.0
189,9,19216.0,2135.1111111111113,1281.5764164149991,224.0,3836.0
190,2,5175.0,2587.5,1924.0375516085958,1227.0,3948.0
191,5,9216.0,1843.2,1606.5490032986854,116.0,3529.0
192,7,17200.0,2457.1428571428573,1750.4278932660463,89.0,4254.0
193,7,21133.5,3019.0714285714284,1280.9067240491347,1324.0,4947.0
194,8,21814.0,2726.75,1367.0742220418863,1041.0,4838.0
195,4,10726.0,2681.5,1377.2042937293895,880.0,4068.0
196,6,13945.0,2324.1666666666665,1908.7438190251373,455.0,4850.0
197,3,7851.0,2617.0,1312.92193218028,1265.0,3887.0
198,6,17538.0,2923.0,1492.1103176374058,609.0,4463.0
199,4,10680.0,2670.0,1564.0537075177438,1250.0,4536.0
200,2,4422.0,2211.0,1747.9679630931455,975.0,3447.0
201,5,7618.0,1523.6,1497.2238643569638,296.0,3940.0
202,10,29806.0,2980.6,1431.2492755941885,37.0,4424.0
203,6,15901.0,2650.1666666666665,1487.7681831073908,781.0,4644.0
204,4,7810.0,1952.5,633.2174455377341,1241.0,2723.0
205,3,8272.0,2757.3333333333335,878.4385768699672,1989.0,3715.0
206,2,3450.0,1725.0,523.2590180780452,1355.0,2095.0
207,6,20991.0,3498.5,1164.9389254377243,1797.0,4729.0
208,4,8592.0,2148.0,1638.348151848888,481.0,4383.0
209,4,3819.0,954.75,549.2184598742714,552.0,1760.0
210,3,11518.0,3839.3333333333335,947.2393221004571,2746.0,4413.0
211,4,10456.0,2614.0,1653.4467031023407,887.0,4582.0
212,2,4204.0,2102.0,2165.1609639932085,571.0,3633.0
213,5,4766.0,953.2,514.7923853360693,105.0,1380.0
214,5,11440.0,2288.0,683.0801563506292,1669.0,3072.0
215,6,13713.0,2285.5,1569.5183656141141,570.0,4331.0
216,6,15663.0,2610.5,1707.3913142569281,274.0,4963.0
217,8,19007.0,2375.875,1172.0182150583546,72.0,3825.0
218,4,10346.0,2586.5,1892.9568581102599,219.0,4220.0
219,6,10575.0,1762.5,1706.5261498142947,78.0,4507.0
220,7,17741.0,2534.4285714285716,1936.7390856060827,353.0,4778.0
221,2,7280.0,3640.0,569.9280656363574,3237.0,4043.0
222,6,23154.0,3859.0,934.442507594769,2119.0,4509.0
223,6,10797.0,1799.5,1026.4320240522507,305.0,3238.0
224,4,9272.0,2318.0,1703.7728721869005,1088.0,4839.0
225,4,11296.0,2824.0,1298.4434270823406,1617.0,4634.0
226,2,7757.0,3878.5,1409.2638149047891,2882.0,4875.0
227,5,9941.0,1988.2,1588.5725353284943,404.0,4101.0
228,6,13969.0,2328.1666666666665,1566.5717240735155,1065.0,4922.0
229,3,5974.0,1991.3333333333333,832.6976241909985,1056.0,2652.0
230,5,11165.5,2233.1,664.2639159249884,1516.0,3054.0
231,5,7055.5,1411.1,1034.0906875124638,318.0,2546.0
232,4,15353.0,3838.25,445.9569299084087,3348.0,4396.0
233,5,10936.0,2187.2,1214.386964686298,274.0,3320.0
234,6,13926.0,2321.0,1914.8821373651174,67.0,4684.0
235,2,7797.0,3898.5,635.6889962867062,3449.0,4348.0
236,6,14063.0,2343.8333333333335,1357.01841058501,1071.0,4730.0
237,1,4888.0,4888.0,0.0,4888.0,4888.0
238,2,3267.0,1633.5,1069.8525599352465,877.0,2390.0
239,4,8082.0,2020.5,1449.025534626633,81.0,3592.0
240,7,13699.0,1957.0,1447.7575763918487,489.0,4527.0
241,8,18421.0,2302.625,1196.521737310753,774.0,4476.0
242,4,15706.0,3926.5,1367.982090526042,2004.0,4959.0
243,5,12097.0,2419.4,1853.9929341828679,17.0,4916.0
244,10,25356.0,2535.6,1142.940087863071,491.0,3817.0
245,8,20364.0,2545.5,1535.1480151996514,518.0,4595.0
246,8,13095.0,1636.875,1425.7974648295199,203.0,3958.0
247,6,12176.0,2029.3333333333333,1679.230855679667,463.0,4945.0
248,3,8430.0,2810.0,1856.1656714851722,1385.0,4909.0
249,5,16771.0,3354.2,1743.086687459921,1366.0,4796.0
250,3,6732.0,2244.0,493.90586147564596,1730.0,2715.0
251,3,4497.0,1499.0,843.0960799339539,545.0,2144.0
252,2,3454.0,1727.0,374.7665940288702,1462.0,1992.0
253,6,13744.5,2290.75,1547.9842295708313,345.0,4851.0
254,5,16947.0,3389.4,1931.8346978973125,418.0,4984.0
255,4,9699.0,2424.75,1552.7273585533296,391.0,3778.0
256,3,4900.0,1633.3333333333333,746.8616560872123,787.0,2200.0
257,5,10457.0,2091.4,1400.770430870098,46.0,3984.0
258,6,20083.0,3347.1666666666665,859.4997188287305,2346.0,4790.0
259,7,24962.0,3566.0,1069.1251875560067,2037.0,4773.0
260,9,24476.0,2719.5555555555557,1585.9052707453172,119.0,4903.0
261,5,10994.0,2198.8,1651.2842577824085,618.0,4563.0
262,7,22368.0,3195.4285714285716,1141.9005877837844,1626.0,4577.0
263,7,13666.0,1952.2857142857142,1199.670470627346,95.0,3652.0
264,4,4269.0,1067.25,924.6680034837728,28.0,2277.0
265,5,10912.0,2182.4,1313.8922330236983,978.0,4281.0
266,2,1636.0,818.0,507.70266889194113,459.0,1177.0
267,5,15174.0,3034.8,1699.7532762139335,733.0,4685.0
268,2,1686.0,843.0,138.59292911256333,745.0,941.0
269,5,9061.0,1812.2,1123.3364144369218,385.0,3356.0
270,6,13914.0,2319.0,1302.3890355803828,589.0,4287.0
271,7,13787.0,1969.5714285714287,1792.0729948993762,108.0,4610.0
272,5,14685.0,2937.0,939.838017958414,1703.0,3988.0
273,7,16307.0,2329.5714285714284,1205.0528144916661,1302.0,4190.0
274,4,7614.0,1903.5,1407.2551296762076,485.0,3495.0
275,5,7098.0,1419.6,1148.069814950293,421.0,3009.0
276,8,23818.5,2977.3125,1543.4365861724655,647.0,4874.0
277,4,11538.0,2884.5,1608.5306960080059,707.0,4574.0
278,7,16540.0,2362.8571428571427,1080.9794059973929,1230.0,3943.0
279,6,9164.0,1527.3333333333333,1302.6051844924718,37.0,3264.0
280,2,4335.0,2167.5,1349.8668452851193,1213.0,3122.0
281,7,25670.0,3667.1428571428573,1315.2148656615552,1213.0,4652.0
282,1,2539.0,2539.0,0.0,2539.0,2539.0
283,6,16347.0,2724.5,1733.806650119903,300.0,4862.0
284,3,9103.0,3034.3333333333335,1790.5466576812048,1111.0,4653.0
285,5,16980.0,3396.0,1287.7787076978716,2075.0,4899.0
286,7,14048.0,2006.857142857143,1428.7450703993613,302.0,4581.0
287,6,10442.0,1740.3333333333333,1623.1444380173523,198.0,3472.0
288,7,19863.0,2837.5714285714284,1334.3548824735317,1056.0,4770.0
289,3,6770.0,2256.6666666666665,1338.8242354145423,717.0,3147.0
290,8,24774.0,3096.75,1421.664693238177,315.0,4838.0
291,2,3729.5,1864.75,872.2162145936064,1248.0,2481.5
292,3,5782.0,1927.3333333333333,1167.5347246798844,616.0,2854.0
293,3,7968.0,2656.0,2124.409800391629,739.0,4940.0
294,7,13197.0,1885.2857142857142,1654.7987505318902,337.0,4944.0
295,6,19554.0,3259.0,1061.8482000738147,1404.0,4419.0
296,5,13579.0,2715.8,1888.8613501260488,388.0,4828.0
297,8,22862.0,2857.75,1515.590384729896,255.0,4993.0
298,4,13130.0,3282.5,1450.15619848346,1381.0,4807.0
299,2,8270.0,4135.0,799.0306627407987,3570.0,4700.0
300,5,9137.5,1827.5,1186.7547134939048,179.0,3084.0
301,5,19287.0,3857.4,1261.039372898404,1705.0,4801.0
302,7,17662.0,2523.1428571428573,1857.2056454587384,271.0,4587.0
303,5,11487.0,2297.4,1289.1250133326869,1342.0,4380.0
304,8,15731.0,1966.375,1808.0967845065313,112.0,4924.0
305,4,12673.0,3168.25,884.5780067354151,2225.0,4343.0
306,3,8528.0,2842.6666666666665,1776.7229196848148,815.0,4127.0
307,9,17716.0,1968.4444444444443,1552.4926820367875,75.0,4797.0
308,10,26462.0,2646.2,1515.1725827626224,320.0,4710.0
309,3,7750.0,2583.3333333333335,1259.1506396509249,1197.0,3656.0
310,8,15821.0,1977.625,1841.8657417722625,171.0,4466.0
311,3,5048.0,1682.6666666666667,717.8003436425294,888.0,2284.0
312,7,20988.0,2998.285714285714,1403.07967394178,535.0,4931.0
313,4,8217.0,2054.25,1531.8499436955306,725.0,4260.0
314,4,10005.0,2501.25,1364.3661226616068,1133.0,4347.0
315,1,4825.0,4825.0,0.0,4825.0,4825.0
316,6,17708.0,2951.3333333333335,1181.3124339761548,1446.0,4636.0
317,4,9703.0,2425.75,1165.4974259945836,1176.0,3741.0
318,3,9877.0,3292.3333333333335,2008.519438126834,1047.0,4918.0
319,3,7885.0,2628.3333333333335,1877.4707276901374,998.0,4681.0
320,8,19390.5,2423.8125,1379.3908059486673,710.0,4536.0
321,6,16246.0,2707.6666666666665,922.6699662754103,1206.0,3937.0
322,2,5742.0,2871.0,250.31580054003783,2694.0,3048.0
323,1,2816.0,2816.0,0.0,2816.0,2816.0
324,2,2392.0,1196.0,336.5828278447966,958.0,1434.0
325,4,13376.0,3344.0,1133.6545623189927,1951.0,4674.0
326,3,6981.0,2327.0,2280.550591414275,833.0,4952.0
327,2,3692.0,1846.0,444.06305858515185,1532.0,2160.0
328,5,8734.0,1746.8,902.8359208627003,844.0,2935.0
329,7,18744.0,2677.714285714286,1702.7126117155644,116.0,4999.0
330,6,18862.5,3143.75,1259.4890134495022,1698.0,4685.0
331,6,13418.0,2236.3333333333335,1426.6396414885808,280.0,4271.0
332,4,6710.0,1677.5,935.370336640342,698.0,2757.0
333,8,20410.0,2551.25,1343.0628907729633,879.0,4991.0
334,5,9473.5,1894.7,1540.7218924906597,70.0,3413.0
335,5,13724.0,2744.8,730.7962780419725,2038.0,3985.0
336,7,9769.0,1395.5714285714287,1001.9818456676843,327.0,2670.0
337,6,18567.5,3094.5833333333335,1190.5844118191144,1598.0,4983.0
338,6,25222.0,4203.666666666667,708.0908604597763,3124.0,4908.0
339,6,12374.0,2062.3333333333335,1088.153052960229,425.0,3618.0
340,5,13414.0,2682.8,1187.8083599638453,1476.0,4498.0
341,4,11859.0,2964.75,1900.0898882245897,409.0,4976.0
342,8,24069.0,3008.625,1721.5563504739373,780.0,4975.0
343,5,10179.0,2035.8,1012.7273571894857,1051.0,3362.0
344,3,3757.0,1252.3333333333333,1503.7783524620022,139.0,2963.0
345,6,14161.0,2360.1666666666665,1454.4148537011943,369.0,4224.0
346,6,15121.0,2520.1666666666665,1366.2100009393382,1210.0,4792.0
347,4,12411.0,3102.75,1840.5289774047749,359.0,4293.0
348,6,14463.0,2410.5,1656.7307264610022,442.0,3922.0
349,5,11111.0,2222.2,1646.0521559173028,425.0,4098.0
350,5,19741.0,3948.2,1057.9639407843729,2426.0,4841.0
351,11,29433.0,2675.7272727272725,1328.3059956884251,47.0,4846.0
352,4,13363.0,3340.75,1297.0986534056178,1404.0,4100.0
353,3,6249.0,2083.0,2181.0061898123995,697.0,4597.0
354,4,10395.0,2598.75,1048.309551929518,1228.0,3462.0
355,1,4273.0,4273.0,0.0,4273.0,4273.0
356,5,15496.0,3099.2,1699.771955292827,831.0,4743.0
357,7,22992.0,3284.5714285714284,1585.135520719796,124.0,4925.0
358,2,1898.0,949.0,1183.6967517062806,112.0,1786.0
359,3,4150.0,1383.3333333333333,176.98116660631814,1230.0,1577.0
360,7,24567.0,3509.5714285714284,1203.8870181129757,1257.0,4846.0
361,7,18701.0,2671.5714285714284,1609.9583697664214,1050.0,4808.0
362,3,1884.0,628.0,527.7300446250905,278.0,1235.0
363,6,25828.0,4304.666666666667,495.2686812899303,3712.0,4782.0
364,2,9068.0,4534.0,362.03867196751236,4278.0,4790.0
365,5,15414.0,3082.8,1200.8562361914935,1226.0,4569.0
366,5,14137.5,2827.5,1802.448820355241,243.0,4990.0
367,4,10937.0,2734.25,1782.8491009243232,954.0,4805.0
368,7,18390.0,2627.1428571428573,1563.4773667023378,595.0,4405.0
369,5,12450.0,2490.0,1582.4724326192859,159.0,4365.0
370,7,15413.0,2201.8571428571427,1713.2041548485913,242.0,4852.0
371,2,9199.0,4599.5,301.9345955666558,4386.0,4813.0
372,8,26867.0,3358.375,1001.0578601088522,1450.0,4715.0
373,5,17243.0,3448.6,1158.5621692425486,2169.0,4980.0
374,6,13883.0,2313.8333333333335,1418.3615077499342,214.0,4607.0
375,4,7727.0,1931.75,1421.1468080391976,507.0,3725.0
376,6,18271.0,3045.1666666666665,1300.866544525866,735.0,4685.0
377,4,3600.0,900.0,566.42445804067,211.0,1464.0
378,9,15626.5,1736.2777777777778,1516.3962442067852,51.0,4919.0
379,6,14620.0,2436.6666666666665,1952.0763987781488,550.0,4792.0
380,5,15311.0,3062.2,1448.1528579538833,1555.0,4948.0
381,3,3078.0,1026.0,1573.4652840148715,69.0,2842.0
382,6,21058.0,3509.6666666666665,1016.588346710047,1638.0,4516.0
383,5,11248.0,2249.6,1957.6693541045179,394.0,4988.0
385,4,14357.0,3589.25,1440.21048808846,1858.0,4993.0
386,5,22013.0,4402.6,523.6604816099838,3665.0,4910.0
387,4,5697.0,1424.25,1753.0802177881078,187.0,3958.0
388,3,7296.0,2432.0,1429.2547008843455,795.0,3432.0
389,7,17341.5,2477.3571428571427,1402.0672450078168,194.0,4234.0
390,4,9314.0,2328.5,1400.7532497433897,1134.0,4339.0
391,2,5000.0,2500.0,1555.6349186104046,1400.0,3600.0
392,2,7497.0,3748.5,1598.768432262784,2618.0,4879.0
393,7,22365.0,3195.0,1192.5555193225457,1535.0,4968.0
394,4,9007.0,2251.75,1519.6145070378868,524.0,3608.0
395,4,6365.0,1591.25,1680.7034985386329,53.0,3193.0
396,4,11485.5,2871.375,518.1166816783004,2425.0,3518.0
397,3,5862.0,1954.0,881.4357605634117,1034.0,2791.0
398,4,12016.0,3004.0,862.7405944623989,2067.0,4073.0
399,5,10507.0,2101.4,445.34402432277005,1549.0,2587.0
400,5,17925.0,3585.0,1189.6842017947451,1507.0,4477.0
401,3,8722.0,2907.3333333333335,1840.0136774853968,1167.0,4833.0
402,5,14498.0,2899.6,1913.0837148436553,10.0,4621.0
403,3,9454.0,3151.3333333333335,2039.4323556650104,847.0,4724.0
404,2,1607.0,803.5,637.1032098490793,353.0,1254.0
405,7,15432.5,2204.6428571428573,1826.5765043354947,112.0,4654.0
406,4,7306.0,1826.5,1491.2420997276063,525.0,3804.0
407,5,9619.0,1923.8,1916.8452467531124,246.0,4860.0
408,3,10491.0,3497.0,915.5375470181439,2700.0,4497.0
409,5,9757.0,1951.4,1230.7141422767515,412.0,3249.0
410,6,21226.0,3537.6666666666665,708.3949933946926,2559.0,4328.0
411,2,6555.5,3277.75,1126.067549039577,2481.5,4074.0
412,6,13370.0,2228.3333333333335,1644.4516005850298,679.0,4959.0
413,6,15751.5,2625.25,1842.1779976430073,78.0,4833.0
414,2,8002.0,4001.0,639.224530192639,3549.0,4453.0
415,4,7291.0,1822.75,1903.9939381906308,91.0,4330.0
416,7,20026.5,2860.9285714285716,910.4540272382156,1194.0,4028.0
418,2,7703.0,3851.5,852.0636713297897,3249.0,4454.0
419,9,20828.0,2314.222222222222,1470.3420331489015,429.0,4434.0
420,9,17133.5,1903.7222222222222,1095.985946280537,268.0,3472.0
421,4,9665.0,2416.25,1317.2727824309334,1489.0,4329.0
422,5,17471.5,3494.3,948.2654955232738,2481.5,4795.0
423,9,20042.0,2226.8888888888887,886.6035535182065,1247.0,3846.0
424,7,16860.0,2408.5714285714284,1779.7778753862194,460.0,4911.0
425,2,7728.0,3864.0,1059.245958217448,3115.0,4613.0
426,4,11997.0,2999.25,1175.4432851765612,1807.0,4533.0
427,2,5750.0,2875.0,694.3788591251897,2384.0,3366.0
428,9,15648.0,1738.6666666666667,1692.5947536253325,210.0,4884.0
429,5,15482.0,3096.4,1781.5136261056214,116.0,4504.0
430,3,7856.0,2618.6666666666665,1860.075356896417,1091.0,4690.0
431,3,7209.0,2403.0,1996.343407332516,441.0,4432.0
432,6,10258.0,1709.6666666666667,1722.797221575037,120.0,4751.0
434,3,13171.0,4390.333333333333,184.75208614068032,4177.0,4497.0
435,6,11883.0,1980.5,1331.9938062919061,594.0,4341.0
436,2,6518.0,3259.0,1576.848122046001,2144.0,4374.0
437,5,13008.0,2601.6,1473.6662783683423,219.0,4207.0
438,4,9937.0,2484.25,1827.0517918220053,751.0,4661.0
439,6,14223.0,2370.5,1511.7696583805352,596.0,4721.0
440,4,9811.0,2452.75,2023.4601346867862,73.0,4702.0
441,7,12524.0,1789.142857142857,1315.461570269973,429.0,3813.0
442,5,12896.0,2579.2,1708.1401289121452,763.0,4920.0
443,4,9381.0,2345.25,1257.5259772002062,1057.0,3584.0
444,9,18321.0,2035.6666666666667,1433.8077800040005,100.0,4510.0
445,4,13350.0,3337.5,1072.05736786797,2066.0,4670.0
446,7,20267.0,2895.285714285714,1491.8699356049458,586.0,4312.0
447,3,7104.0,2368.0,2125.680126453649,968.0,4814.0
448,1,4532.0,4532.0,0.0,4532.0,4532.0
449,5,15633.0,3126.6,1291.3370203010522,983.0,4146.0
450,9,25546.5,2838.5,830.7398058357383,1208.0,3996.0
451,1,1574.0,1574.0,0.0,1574.0,1574.0
452,4,5983.0,1495.75,1570.1336195793444,41.0,3663.0
453,4,5573.0,1393.25,1313.158120715095,287.0,3246.0
454,5,12284.0,2456.8,1345.297625062945,868.0,4152.0
455,4,6815.0,1703.75,1082.950098881138,750.0,2801.0
456,7,16675.0,2382.1428571428573,2088.056307396221,128.0,4527.0
457,3,6768.0,2256.0,1735.1530191887975,1022.0,4240.0
458,4,9821.0,2455.25,2010.4338462132994,343.0,4325.0
459,6,17888.0,2981.3333333333335,1803.5147536592724,411.0,4940.0
460,4,10234.5,2558.625,1431.5464467374668,1318.0,4584.0
461,3,10757.0,3585.6666666666665,1068.174767223666,2787.0,4799.0
462,6,9203.0,1533.8333333333333,714.4081233207435,571.0,2374.0
463,8,19692.0,2461.5,1056.2620075395255,964.0,3665.0
464,5,11439.0,2287.8,1848.2746549146857,222.0,4588.0
465,7,19422.0,2774.5714285714284,998.0854768243144,1512.0,4366.0
466,10,18055.0,1805.5,1638.2803484141534,68.0,4440.0
467,3,12214.5,4071.5,1378.3530933690395,2481.5,4928.0
468,8,18210.0,2276.25,1319.166376379958,734.0,4276.0
469,3,6194.0,2064.6666666666665,642.0563319003506,1339.0,2559.0
470,3,7789.0,2596.3333333333335,1974.2353794148594,1399.0,4875.0
471,8,14224.0,1778.0,971.2580942850801,435.0,3698.0
472,2,5493.0,2746.5,3078.0358185050413,570.0,4923.0
473,5,17689.0,3537.8,748.6048356776759,2822.0,4430.0
474,7,15022.0,2146.0,1541.9226093852224,423.0,4344.0
475,9,22523.0,2502.5555555555557,1652.9988741005777,236.0,4939.0
476,6,17412.0,2902.0,1542.724473131868,1412.0,4552.0
477,2,8265.0,4132.5,391.03004999616076,3856.0,4409.0
478,5,11059.0,2211.8,1803.2742997115,507.0,4336.0
479,2,5294.0,2647.0,229.1025971044414,2485.0,2809.0
480,4,8487.0,2121.75,2045.6282449816406,33.0,4634.0
481,3,5516.0,1838.6666666666667,135.14560049566293,1686.0,1943.0
482,2,5837.0,2918.5,2897.016482521285,870.0,4967.0
483,7,22360.0,3194.285714285714,1209.5438140452945,1359.0,4439.0
484,10,21716.0,2171.6,1217.8429199932878,26.0,3945.0
485,2,3743.0,1871.5,1559.1704525163373,769.0,2974.0
486,2,5657.0,2828.5,1720.39079862687,1612.0,4045.0
487,3,5674.0,1891.3333333333333,433.786045572392,1581.0,2387.0
488,4,11467.0,2866.75,1108.8640959708873,1776.0,4400.0
489,5,14060.0,2812.0,958.2309220641964,1303.0,3726.0
490,5,11132.5,2226.5,1363.5532626193963,832.0,4421.0
491,3,9085.0,3028.3333333333335,1067.9332064007249,2009.0,4139.0
492,4,7673.5,1918.375,1304.1362003896168,16.0,2955.0
493,6,8505.5,1417.5833333333333,658.5923182566486,749.0,2481.5
494,5,21022.0,4204.4,692.8670868211304,3227.0,4897.0
495,4,8772.0,2193.0,1773.552931265374,599.0,3776.0
496,4,5458.0,1364.5,2362.6897807372,89.0,4907.0
497,5,14990.0,2998.0,1385.9062017322817,1278.0,4614.0
498,6,18333.0,3055.5,1127.823523429087,1004.0,4035.0
499,5,12058.0,2411.6,1454.2383917363754,714.0,4044.0
500,7,24141.0,3448.714285714286,1270.3855995045644,1145.0,4811.0
501,5,14879.0,2975.8,1781.6857747650117,120.0,4238.0
502,2,4006.0,2003.0,1808.7791462751886,724.0,3282.0
503,5,8494.0,1698.8,1783.7873191611159,515.0,4813.0
504,4,4149.0,1037.25,739.9492662788894,428.0,1995.0
505,2,4650.0,2325.0,2414.0625509708734,618.0,4032.0
506,10,25212.0,2521.2,1401.0557765088759,267.0,4892.0
507,4,9194.0,2298.5,1437.743022935601,995.0,4339.0
508,5,11555.0,2311.0,767.9358697182988,1389.0,3425.0
509,7,22654.0,3236.285714285714,1009.2924442872037,1083.0,4063.0
510,4,13106.0,3276.5,1545.8618955133088,1618.0,4628.0
511,10,27719.0,2771.9,2125.8701982952766,51.0,4868.0
512,6,11031.0,1838.5,1472.125232444577,135.0,4473.0
513,5,9863.0,1972.6,1641.6209367573258,112.0,3821.0
514,4,8702.0,2175.5,1790.9834356204042,65.0,4376.0
515,4,12670.0,3167.5,1019.7638615548864,2144.0,4398.0
516,7,24362.5,3480.3571428571427,873.8274388328297,2481.5,4436.0
517,3,1303.0,434.3333333333333,433.0892902547156,72.0,914.0
518,7,17706.0,2529.4285714285716,1804.6301428217785,534.0,4923.0
519,7,21687.0,3098.1428571428573,1353.5170764310571,577.0,4684.0
520,8,26378.0,3297.25,1341.2539708368863,614.0,4587.0
521,2,3532.0,1766.0,121.62236636408618,1680.0,1852.0
522,9,23279.0,2586.5555555555557,980.1923422358377,1344.0,4451.0
523,3,7721.0,2573.6666666666665,884.9645943953539,2015.0,3594.0
524,3,6355.0,2118.3333333333335,921.829883076771,1268.0,3098.0
525,8,17537.0,2192.125,1492.363747070877,450.0,4352.0
526,7,15809.0,2258.4285714285716,1418.1263292507779,394.0,3955.0
527,9,16438.5,1826.5,1186.090373875448,767.0,4531.0
528,7,18764.0,2680.5714285714284,1802.1218842559695,98.0,4405.0
529,5,12706.0,2541.2,1455.6670979313917,389.0,4404.0
530,11,37281.0,3389.181818181818,1159.3686918475778,1404.0,4935.0
531,5,9910.0,1982.0,844.2757251040681,779.0,3091.0
532,5,7664.0,1532.8,1679.0779314850158,344.0,4472.0
533,7,14481.0,2068.714285714286,1965.750977301526,64.0,4783.0
534,5,12608.0,2521.6,1742.6327209139624,79.0,4455.0
535,5,17541.5,3508.3,1200.7282998247356,1981.0,4711.0
536,4,11304.0,2826.0,1626.1982248996173,615.0,4520.0
537,7,18247.5,2606.785714285714,1264.0831940297962,339.0,4321.0
538,5,15006.0,3001.2,1537.4433973320774,754.0,4857.0
539,3,8159.0,2719.6666666666665,2004.2785069279503,611.0,4600.0
540,7,12452.0,1778.857142857143,763.6472633730464,933.0,3069.0
541,4,11978.0,2994.5,1439.6190468314874,1330.0,4291.0
542,8,18416.5,2302.0625,1638.5137524489337,133.0,4929.0
543,5,13713.0,2742.6,1001.1649714207944,1525.0,3902.0
544,5,10169.0,2033.8,1734.9529388430108,25.0,3951.0
545,2,3859.0,1929.5,78.48885271170677,1874.0,1985.0
546,2,4074.0,2037.0,298.3990616607231,1826.0,2248.0
547,3,1860.0,620.0,278.1240730321631,321.0,871.0
548,7,14881.5,2125.9285714285716,1359.307680051731,470.0,3959.0
549,4,14506.0,3626.5,963.1353314392877,2512.0,4852.0
550,5,12162.0,2432.4,809.58804338997,1080.0,3252.0
551,1,820.0,820.0,0.0,820.0,820.0
552,4,10944.5,2736.125,1267.2125824685718,1046.0,3759.0
553,4,8231.0,2057.75,1892.8488890206388,400.0,4319.0
554,2,8542.0,4271.0,359.21024484276614,4017.0,4525.0
555,6,15942.0,2657.0,1408.868056277805,582.0,4271.0
556,1,2167.0,2167.0,0.0,2167.0,2167.0
557,8,19825.0,2478.125,1097.6388213537534,401.0,3605.0
558,3,3448.0,1149.3333333333333,708.6256651669719,403.0,1813.0
559,4,13958.5,3489.625,1098.8619396903325,2481.5,4919.0
560,6,13417.0,2236.1666666666665,1563.6085720750787,171.0,3490.0
561,6,10949.0,1824.8333333333333,1053.1836338771443,865.0,3548.0
562,6,14001.0,2333.5,1137.0155232009806,1242.0,3950.0
563,3,9270.0,3090.0,1378.4669020328345,1756.0,4509.0
564,3,4292.0,1430.6666666666667,1070.3664481537776,459.0,2578.0
565,7,13240.0,1891.4285714285713,1510.3908828669548,116.0,4771.0
566,5,8172.0,1634.4,1454.6564199150257,60.0,3117.0
567,5,14299.5,2859.9,700.384215984341,2056.0,3867.0
568,6,14330.0,2388.3333333333335,1755.9285482805576,11.0,4984.0
569,4,11112.0,2778.0,1526.153552781196,527.0,3741.0
570,7,19392.5,2770.3571428571427,1508.2691159705141,458.0,4514.0
571,2,7321.0,3660.5,615.8900064134829,3225.0,4096.0
572,1,2123.0,2123.0,0.0,2123.0,2123.0
573,4,16093.0,4023.25,790.3072714668222,2975.0,4857.0
574,4,16535.0,4133.75,1180.0710077505223,2376.0,4897.0
575,8,21227.0,2653.375,1313.2684349145293,801.0,4600.0
576,4,14456.0,3614.0,878.5176909620735,2805.0,4767.0
577,5,13368.0,2673.6,926.8760974369768,1487.0,3350.0
578,3,6648.0,2216.0,613.1981735132615,1518.0,2668.0
579,8,20309.0,2538.625,1457.5416619872556,432.0,4765.0
580,4,11092.0,2773.0,1649.6106611359342,870.0,4671.0
581,7,11988.0,1712.5714285714287,1275.908807757939,250.0,3407.0
582,2,7632.0,3816.0,485.0752518939716,3473.0,4159.0
583,6,20279.0,3379.8333333333335,1032.684156296913,2075.0,4839.0
584,7,19961.5,2851.6428571428573,1367.0173954722777,798.0,4638.0
585,2,3035.0,1517.5,1349.8668452851193,563.0,2472.0
586,5,12796.0,2559.2,1738.7845467452257,391.0,4456.0
587,7,17814.5,2544.9285714285716,1287.470078246851,837.0,4104.0
588,3,10806.0,3602.0,640.8587988004846,2872.0,4072.0
589,3,9723.5,3241.1666666666665,819.123973115995,2481.5,4109.0
590,8,15685.0,1960.625,1398.876481578801,477.0,4380.0
591,7,21291.0,3041.5714285714284,1228.6183102904465,1035.0,4691.0
592,4,7200.0,1800.0,1450.2820415353697,592.0,3592.0
593,3,6056.0,2018.6666666666667,858.1726710478104,1258.0,2949.0
594,6,16448.0,2741.3333333333335,1655.3840239251635,835.0,4844.0
595,4,7596.0,1899.0,1491.7852839243767,248.0,3796.0
596,6,13546.0,2257.6666666666665,1520.2674326139684,97.0,4266.0
597,4,10589.0,2647.25,1673.0806665151165,1261.0,4878.0
598,5,12403.0,2480.6,1109.110364210884,1170.0,3634.0
599,8,13048.0,1631.0,1253.0768987918157,183.0,4235.0
600,3,6466.0,2155.3333333333335,1335.6662507278281,661.0,3233.0
601,3,5570.0,1856.6666666666667,1601.7169953937973,228.0,3430.0
602,3,3948.5,1316.1666666666667,1130.5271263146822,224.0,2481.5
603,4,13556.0,3389.0,1152.5617843164273,1724.0,4352.0
604,3,2598.0,866.0,1236.2050800736906,57.0,2289.0
605,5,5114.0,1022.8,1289.1773345820193,83.0,3262.0
606,6,11607.0,1934.5,1647.1350582147174,59.0,4267.0
607,2,7925.0,3962.5,795.4951288348659,3400.0,4525.0
608,3,7598.5,2532.8333333333335,598.1543139803753,1962.0,3155.0
609,3,5853.0,1951.0,1661.487586471834,235.0,3552.0
610,9,24491.5,2721.277777777778,1436.3327241431368,147.0,4789.0
611,4,11889.0,2972.25,1325.4896893852726,1254.0,4300.0
612,2,3002.0,1501.0,763.6753236814714,961.0,2041.0
613,4,16766.0,4191.5,795.9114272329552,3020.0,4783.0
614,8,17075.0,2134.375,1694.9901759091617,151.0,4905.0
615,4,6589.0,1647.25,1393.0581167584742,437.0,3481.0
616,3,7965.0,2655.0,1908.7294203212775,1547.0,4859.0
617,4,6746.0,1686.5,2132.147665305259,93.0,4816.0
618,7,27892.0,3984.5714285714284,1138.4291600187305,1759.0,4949.0
619,3,7293.0,2431.0,1979.6320365158774,249.0,4112.0
620,8,14011.0,1751.375,1486.928179406889,148.0,3789.0
621,5,12578.0,2515.6,1583.4468099686835,830.0,4733.0
622,3,9288.0,3096.0,760.7180818148074,2504.0,3954.0
623,5,14322.0,2864.4,2105.0043467888613,532.0,4621.0
624,3,4398.0,1466.0,1544.542974474974,494.0,3247.0
625,8,20308.0,2538.5,1759.2544687208517,444.0,4814.0
626,7,17711.5,2530.214285714286,993.4310853947401,1115.0,4134.0
627,7,14190.0,2027.142857142857,1021.5043528331844,1080.0,3909.0
628,4,13748.0,3437.0,1252.001863683384,1977.0,4748.0
629,5,8584.0,1716.8,1476.106940570364,508.0,4155.0
630,3,5663.0,1887.6666666666667,1570.910988354634,145.0,3195.0
631,2,6444.0,3222.0,2108.5924214982847,1731.0,4713.0
632,4,10357.0,2589.25,2335.776013091438,299.0,4692.0
633,5,11978.0,2395.6,1227.8543480397013,891.0,4315.0
634,4,13732.0,3433.0,1412.766317076772,1537.0,4950.0
635,4,6677.0,1669.25,1004.5637112697233,399.0,2856.0
636,3,5879.5,1959.8333333333333,1334.7801629232183,443.0,2955.0
637,3,7815.0,2605.0,835.7535521910751,1655.0,3227.0
638,4,9274.0,2318.5,1004.0014940227928,1257.0,3532.0
639,7,14355.0,2050.714285714286,1158.3607259522275,759.0,3659.0
640,6,15154.0,2525.6666666666665,1190.8851609902051,1020.0,4524.0
641,5,16720.0,3344.0,339.0147489416943,3088.0,3897.0
642,2,2524.0,1262.0,263.0437226013957,1076.0,1448.0
643,5,8432.0,1686.4,1191.9181179930106,111.0,3226.0
644,6,14752.0,2458.6666666666665,1622.9055014592398,1160.0,4688.0
645,5,5990.0,1198.0,1058.7391085626336,348.0,2748.0
646,7,17128.0,2446.8571428571427,1258.0645755248322,1096.0,4485.0
647,6,11149.0,1858.1666666666667,2042.829353290839,37.0,4627.0
648,5,12055.0,2411.0,1561.0506077638868,666.0,4383.0
649,10,22450.0,2245.0,1010.5878377349381,409.0,3444.0
650,3,3016.0,1005.3333333333334,1015.7348735439447,132.0,2120.0
651,3,6215.0,2071.6666666666665,1638.072749707208,1033.0,3960.0
652,5,10844.0,2168.8,942.7097644556356,804.0,3378.0
653,3,9659.0,3219.6666666666665,1691.8706609352068,1560.0,4942.0
654,6,12576.0,2096.0,1838.9808046850299,348.0,4687.0
655,4,9145.0,2286.25,2235.6015409728093,205.0,4388.0
656,5,15449.0,3089.8,1425.886811777148,574.0,4100.0
657,5,11565.0,2313.0,1748.6962286229132,631.0,4949.0
658,5,10621.5,2124.3,1492.6918469664126,324.0,4059.0
659,7,12733.0,1819.0,920.0159418908637,586.0,3119.0
660,3,6042.0,2014.0,1778.4226156906575,135.0,3671.0
661,4,5385.0,1346.25,547.0090645196537,850.0,1920.0
662,2,7925.0,3962.5,366.9884194358182,3703.0,4222.0
663,5,8720.0,1744.0,1092.2106024023024,141.0,2849.0
664,7,19818.0,2831.1428571428573,1995.6806214565352,117.0,4980.0
665,3,8105.0,2701.6666666666665,2221.4284443423635,549.0,4986.0
666,4,10534.0,2633.5,1348.1504614347268,919.0,3999.0
667,6,11613.0,1935.5,1446.290945833514,378.0,3968.0
668,3,4688.0,1562.6666666666667,1307.1726486326638,637.0,3058.0
669,7,8914.0,1273.4285714285713,1068.1246583214365,57.0,3195.0
670,8,20177.0,2522.125,1233.7962829645512,1024.0,4847.0
671,6,10856.0,1809.3333333333333,1046.2748523531789,28.0,3142.0
672,2,2238.0,1119.0,1066.3170260293136,365.0,1873.0
673,4,9739.5,2434.875,991.732354267017,1370.0,3749.0
674,4,8925.0,2231.25,1069.8029024077287,1000.0,3187.0
675,6,11196.0,1866.0,1501.5324172324752,345.0,3682.0
676,5,13983.0,2796.6,1256.5939280451742,1005.0,4015.0
677,5,12107.0,2421.4,1426.9219670325353,1260.0,4845.0
678,6,22248.5,3708.0833333333335,998.3381399439104,2481.5,4645.0
679,5,14206.5,2841.3,1002.9345442250955,1419.0,3906.0
680,5,10987.5,2197.5,1481.9727561598424,951.0,4591.0
681,2,7905.0,3952.5,259.50818869546293,3769.0,4136.0
682,1,1846.0,1846.0,0.0,1846.0,1846.0
683,5,15874.0,3174.8,1320.8672151280005,1111.0,4658.0
684,9,19318.0,2146.4444444444443,1272.6380191467556,831.0,4367.0
685,6,14264.0,2377.3333333333335,1480.7844767779904,412.0,4226.0
686,6,15098.0,2516.3333333333335,1092.3019118662507,959.0,3779.0
687,4,11485.0,2871.25,1248.2853239544236,1553.0,3944.0
688,4,8128.0,2032.0,821.0834305964286,985.0,2916.0
689,3,9914.0,3304.6666666666665,1572.1451374899625,1535.0,4540.0
690,8,22009.0,2751.125,1567.4296919752778,620.0,4946.0
691,5,15648.0,3129.6,1432.9170597072255,1230.0,4619.0
692,5,17788.5,3557.7,1759.149283034274,966.0,4856.0
693,2,3014.0,1507.0,816.0012254892758,930.0,2084.0
694,7,17270.0,2467.1428571428573,1215.858054841851,1150.0,4513.0
695,6,17840.5,2973.4166666666665,943.1340528613451,1777.0,4460.0
696,3,8409.0,2803.0,761.3560270990176,2350.0,3682.0
697,5,3195.0,639.0,830.6602795367069,133.0,2090.0
698,7,16001.0,2285.8571428571427,1297.5321998023053,287.0,4036.0
699,4,5221.0,1305.25,332.1971051449225,983.0,1771.0
700,2,1669.0,834.5,115.25840533340725,753.0,916.0
701,5,11640.0,2328.0,970.1502460959334,806.0,3135.0
702,13,32812.0,2524.0,1450.1634965295004,159.0,4427.0
703,3,3469.5,1156.5,1148.6164503436298,443.0,2481.5
704,7,16017.0,2288.1428571428573,1126.640053221884,985.0,3892.0
705,7,15569.0,2224.1428571428573,1454.053693251093,714.0,4417.0
706,3,10767.0,3589.0,535.0803677953435,3204.0,4200.0
707,3,6935.0,2311.6666666666665,2095.729546800668,697.0,4680.0
708,3,6181.0,2060.3333333333335,952.8254474631402,966.0,2706.0
709,4,10751.0,2687.75,1038.9033881935318,1239.0,3500.0
710,4,13813.0,3453.25,1137.0861518225727,1790.0,4203.0
711,3,5461.0,1820.3333333333333,1796.7026279641639,661.0,3890.0
712,2,2890.0,1445.0,398.8082245892128,1163.0,1727.0
713,4,6541.0,1635.25,734.1563752589317,599.0,2331.0
714,3,6066.0,2022.0,980.45550638466,1441.0,3154.0
715,5,7351.0,1470.2,1820.701705387239,169.0,4363.0
716,6,15249.0,2541.5,1912.280392620287,213.0,4734.0
717,8,22104.0,2763.0,1481.1268875902756,705.0,4559.0
718,5,9540.0,1908.0,998.9056512003524,625.0,3047.0
719,5,8705.0,1741.0,1862.4188572928485,416.0,4539.0
720,2,9704.0,4852.0,134.35028842544403,4757.0,4947.0
721,6,16603.0,2767.1666666666665,1218.4123139014423,885.0,4110.0
722,7,19289.0,2755.5714285714284,1726.45705199433,35.0,4970.0
723,3,6266.0,2088.6666666666665,966.7038498595799,1284.0,3161.0
724,5,11047.5,2209.5,1657.0132015165118,37.0,4481.0
725,6,14558.0,2426.3333333333335,1314.0646356502662,401.0,4182.0
726,8,22968.0,2871.0,1120.6054485984669,1297.0,4768.0
727,5,12687.0,2537.4,1531.0477784837415,773.0,4872.0
728,7,14105.0,2015.0,1582.823953150402,107.0,3948.0
729,1,4559.0,4559.0,0.0,4559.0,4559.0
730,4,7902.0,1975.5,1048.5795153444492,924.0,3319.0
731,2,6928.0,3464.0,584.0702012600883,3051.0,3877.0
732,8,28044.0,3505.5,837.2688593618794,2546.0,4807.0
733,4,11756.0,2939.0,1644.493843101883,1313.0,4915.0
734,1,1835.0,1835.0,0.0,1835.0,1835.0
735,2,7131.0,3565.5,1266.4282451051067,2670.0,4461.0
736,6,14828.0,2471.3333333333335,1629.4911680235236,898.0,4990.0
737,2,6979.0,3489.5,265.1650429449553,3302.0,3677.0
738,3,7174.0,2391.3333333333335,1493.3724697252635,724.0,3606.0
739,3,4048.0,1349.3333333333333,948.3144696424986,703.0,2438.0
740,5,12881.0,2576.2,1779.1852629785353,108.0,4517.0
741,4,8456.0,2114.0,1323.8574948485455,185.0,3175.0
742,2,4367.0,2183.5,2324.2599897601817,540.0,3827.0
743,8,16143.0,2017.875,1767.494872694119,141.0,4880.0
744,4,10019.5,2504.875,921.8404033056191,1267.0,3468.0
745,2,7156.0,3578.0,230.5168106668145,3415.0,3741.0
746,3,8877.0,2959.0,1593.401079452377,1465.0,4636.0
747,4,13813.0,3453.25,832.9215149100185,2662.0,4586.0
748,5,16217.0,3243.4,1341.8372852175482,1031.0,4383.0
749,4,11388.0,2847.0,318.33630016069486,2448.0,3172.0
750,5,8468.0,1693.6,1059.7163771500373,408.0,3338.0
751,6,16618.0,2769.6666666666665,1238.5863985474193,1021.0,4776.0
752,3,4865.0,1621.6666666666667,2340.9853338569496,133.0,4320.0
753,5,12849.0,2569.8,1921.8816821022049,326.0,4466.0
754,6,13968.0,2328.0,1245.7092758745919,1195.0,4418.0
755,5,13257.0,2651.4,1283.543649433084,1082.0,4123.0
756,9,24000.0,2666.6666666666665,1982.0896170456067,262.0,4957.0
757,7,11966.0,1709.4285714285713,1619.9273499288847,302.0,4121.0
758,7,18956.0,2708.0,1861.1735545080153,391.0,4758.0
759,7,16074.0,2296.285714285714,1612.1647676634168,223.0,4985.0
760,5,13020.0,2604.0,1810.54411710955,578.0,4569.0
761,9,18263.0,2029.2222222222222,1470.2809916626293,122.0,4378.0
762,8,21634.5,2704.3125,1280.797210933766,959.0,4647.0
763,3,5578.0,1859.3333333333333,664.7723921263076,1114.0,2391.0
764,6,14699.0,2449.8333333333335,1083.913357546011,855.0,4006.0
765,3,6279.0,2093.0,1266.0714829740066,646.0,2997.0
766,6,19941.0,3323.5,1290.2385438359838,1217.0,4438.0
767,3,4999.0,1666.3333333333333,624.6409635409235,1159.0,2364.0
768,6,17340.0,2890.0,1468.4946033268218,1502.0,4762.0
769,2,2043.0,1021.5,376.8879143724298,755.0,1288.0
770,6,13819.0,2303.1666666666665,1574.427821993332,716.0,4809.0
771,6,16197.0,2699.5,1350.083219657218,544.0,3970.0
772,4,10774.0,2693.5,1646.0920387390252,590.0,4495.0
773,5,14740.0,2948.0,1759.912213719764,573.0,4935.0
774,6,16457.0,2742.8333333333335,1464.7748518685958,708.0,4137.0
775,9,17648.0,1960.888888888889,1634.148895024903,188.0,4776.0
776,6,12629.0,2104.8333333333335,1167.2225865989174,406.0,3614.0
777,3,4009.0,1336.3333333333333,331.52124114954285,954.0,1544.0
778,6,19218.5,3203.0833333333335,746.5456728604531,2481.5,4349.0
779,1,3867.0,3867.0,0.0,3867.0,3867.0
780,6,14669.0,2444.8333333333335,963.6809465101334,1561.0,4124.0
781,3,5371.0,1790.3333333333333,1052.5328181740147,575.0,2405.0
782,6,13569.0,2261.5,1350.395608701391,369.0,4490.0
783,9,26071.0,2896.777777777778,1199.1592656709302,800.0,4745.0
784,4,10412.0,2603.0,1819.9545781877816,471.0,4223.0
785,8,15601.0,1950.125,1608.3917821849252,69.0,4563.0
786,9,24070.0,2674.4444444444443,1160.6367983903397,626.0,3681.0
787,7,17561.0,2508.714285714286,1291.7147149281473,335.0,4139.0
788,4,13184.0,3296.0,893.2147931302228,2451.0,4484.0
789,3,12221.0,4073.6666666666665,660.7642040344901,3353.0,4651.0
790,9,25440.0,2826.6666666666665,1704.9321100853251,120.0,4958.0
791,1,3821.0,3821.0,0.0,3821.0,3821.0
792,8,24027.0,3003.375,1379.3795642037246,617.0,4704.0
793,7,14361.0,2051.5714285714284,1230.7980957008963,214.0,3636.0
794,13,34378.5,2644.5,1113.5252579084142,358.0,4320.0
795,7,27331.0,3904.4285714285716,751.8552292258702,2763.0,4693.0
796,2,3961.0,1980.5,1098.1368311827082,1204.0,2757.0
797,6,15476.0,2579.3333333333335,1325.400719279519,234.0,3803.0
798,3,4860.0,1620.0,1215.3036657560117,621.0,2973.0
799,6,14045.0,2340.8333333333335,1511.378101821866,579.0,4588.0
800,5,17620.0,3524.0,1214.4675788179775,1711.0,4872.0
801,7,11543.0,1649.0,1206.0645366922397,266.0,3673.0
802,4,2094.0,523.5,599.944719675627,119.0,1404.0
803,5,11711.0,2342.2,788.1574715753192,1630.0,3523.0
804,3,8973.0,2991.0,1991.3691270078484,880.0,4836.0
805,5,12671.0,2534.2,2187.8575593488713,105.0,4584.0
806,9,17410.0,1934.4444444444443,1554.9910860766302,171.0,4336.0
807,4,9847.0,2461.75,736.499547408777,1391.0,3075.0
808,7,26353.0,3764.714285714286,1020.6664022891634,2039.0,4870.0
810,7,19398.0,2771.1428571428573,1719.0883658276005,74.0,4554.0
811,4,11951.0,2987.75,1967.0638652570485,368.0,4920.0
812,4,8096.0,2024.0,1429.1531291875854,95.0,3319.0
813,7,21674.0,3096.285714285714,1446.7606015147212,94.0,4819.0
814,10,21373.0,2137.3,1748.0218057373693,248.0,4900.0
815,2,6459.0,3229.5,2168.6964978991414,1696.0,4763.0
816,3,11524.0,3841.3333333333335,1037.7120666800274,2727.0,4780.0
817,4,10098.5,2524.625,1236.8098327956484,895.0,3877.0
818,7,10837.0,1548.142857142857,1075.868552778239,78.0,3497.0
819,8,19758.0,2469.75,1306.5424108801717,807.0,4496.0
820,3,4636.0,1545.3333333333333,1108.2117727823204,672.0,2792.0
821,7,19290.0,2755.714285714286,1462.040208553982,1036.0,4744.0
822,3,9213.5,3071.1666666666665,628.2802585895353,2481.5,3732.0
823,7,27427.0,3918.1428571428573,627.6704094165527,2828.0,4616.0
824,6,9486.0,1581.0,1378.170816698714,28.0,3848.0
825,6,18592.0,3098.6666666666665,1925.7005651623688,705.0,4967.0
826,3,6927.5,2309.1666666666665,1905.8525869891755,323.0,4123.0
827,4,11668.0,2917.0,1266.9519854096022,2025.0,4796.0
828,9,18193.0,2021.4444444444443,1264.8036518676636,603.0,3580.0
829,2,4050.0,2025.0,2694.076836320746,120.0,3930.0
830,7,23019.5,3288.5,1390.3969756871597,622.0,4997.0
831,4,13554.0,3388.5,1029.0803337608456,2270.0,4762.0
832,7,20386.0,2912.285714285714,1227.242262729153,1662.0,4828.0
833,10,24905.0,2490.5,1630.029464628034,540.0,4863.0
834,8,21213.5,2651.6875,1114.226795889675,865.0,4284.0
835,4,10327.0,2581.75,1823.5570322860758,338.0,4232.0
836,6,13760.0,2293.3333333333335,1279.267863532367,667.0,4038.0
837,6,9766.0,1627.6666666666667,1672.7274334650779,115.0,3885.0
838,3,3660.0,1220.0,934.905342802147,196.0,2028.0
839,4,8852.0,2213.0,1363.8888028965803,770.0,3488.0
840,7,14341.0,2048.714285714286,1331.8027524481888,37.0,3770.0
841,1,3219.0,3219.0,0.0,3219.0,3219.0
842,6,13593.0,2265.5,979.0239527202591,763.0,3320.0
843,6,10789.0,1798.1666666666667,1501.9282827973732,37.0,3399.0
844,5,15749.0,3149.8,1458.8552704089602,1079.0,4831.0
845,7,21656.0,3093.714285714286,1619.30805328343,421.0,4380.0
846,4,9764.0,2441.0,1404.8902685500625,791.0,4076.0
847,9,20908.5,2323.1666666666665,1127.8378097049238,577.0,4227.0
848,4,9491.0,2372.75,2003.6557214252152,401.0,4917.0
849,7,16945.0,2420.714285714286,1852.3413755106187,458.0,4906.0
850,7,17635.0,2519.285714285714,1613.616095842473,729.0,4889.0
851,4,7840.0,1960.0,1669.4597928671417,172.0,4162.0
852,5,12129.0,2425.8,1501.4561931671533,285.0,4217.0
853,8,14286.5,1785.8125,1792.9983255808452,23.0,4810.0
854,9,32463.5,3607.0555555555557,1217.586353314531,1426.0,4912.0
855,6,13304.0,2217.3333333333335,1368.440962068392,1075.0,4788.0
856,6,12450.0,2075.0,1313.4572699558978,703.0,3800.0
857,4,17484.0,4371.0,793.6468568156326,3208.0,4883.0
858,3,11334.0,3778.0,938.1263241163207,2753.0,4594.0
859,6,16089.0,2681.5,2042.7200248688023,400.0,4901.0
860,3,3599.0,1199.6666666666667,554.3918590070866,624.0,1730.0
861,4,6344.0,1586.0,1088.3461459174343,571.0,3031.0
862,4,11593.0,2898.25,1120.3619578808746,1772.0,4384.0
863,3,10287.0,3429.0,1613.4147018048398,1603.0,4662.0
864,12,25862.5,2155.2083333333335,857.7607861681944,868.0,3356.0
865,10,24599.5,2459.95,1594.927244073813,563.0,4864.0
866,4,15258.0,3814.5,1160.657428644071,2243.0,4794.0
867,5,12065.0,2413.0,1315.583520723789,925.0,3581.0
868,4,11596.0,2899.0,1043.1519544150794,1429.0,3684.0
869,6,16316.0,2719.3333333333335,1813.0023349865457,142.0,4521.0
870,3,3919.0,1306.3333333333333,1040.8771941652549,105.0,1939.0
871,9,22842.0,2538.0,1342.5191804961298,295.0,4861.0
872,5,17249.0,3449.8,1215.062014878253,1361.0,4482.0
873,5,6031.0,1206.2,1306.7412521230053,86.0,3215.0
874,5,10214.0,2042.8,1480.3640430650835,52.0,4079.0
875,3,4382.0,1460.6666666666667,884.3315743166322,487.0,2214.0
876,5,7129.0,1425.8,1878.9473648827955,119.0,4738.0
877,3,6805.0,2268.3333333333335,954.0504878324487,1222.0,3090.0
878,3,9143.0,3047.6666666666665,1408.4588504224514,1910.0,4623.0
879,4,9582.0,2395.5,1064.75239688233,1582.0,3920.0
880,4,10091.0,2522.75,2567.961626790141,173.0,4829.0
881,5,14062.0,2812.4,1701.4770935866284,420.0,4694.0
882,3,7777.0,2592.3333333333335,1982.1151160649913,598.0,4562.0
883,4,11290.0,2822.5,1524.8601028728285,1326.0,4752.0
884,4,9331.0,2332.75,2253.3122841719032,61.0,4503.0
885,11,27775.0,2525.0,1328.154057329194,643.0,4122.0
886,8,25183.0,3147.875,1838.0426263905229,230.0,4973.0
887,4,8096.0,2024.0,2035.3422316652304,107.0,3847.0
888,4,5621.0,1405.25,570.6881080473526,926.0,2122.0
889,3,5805.5,1935.1666666666667,490.93898127296166,1531.0,2481.5
890,4,6373.0,1593.25,2157.5284277771793,60.0,4732.0
891,3,10467.0,3489.0,1500.846094707915,1756.0,4364.0
892,3,7816.0,2605.3333333333335,1694.6333920153152,1549.0,4560.0
893,6,20749.5,3458.25,811.1786332245199,2481.5,4897.0
894,3,7436.0,2478.6666666666665,767.8739045789572,1905.0,3351.0
895,8,11869.0,1483.625,1394.4832056049602,173.0,4549.0
896,5,8024.0,1604.8,873.1355564859331,670.0,2539.0
897,6,6984.0,1164.0,962.7566670763698,195.0,2536.0
898,8,19588.0,2448.5,1326.0059254338626,89.0,4406.0
899,5,11928.0,2385.6,1507.2122610966248,1161.0,4559.0
900,4,11465.0,2866.25,2028.6102591018641,18.0,4731.0
901,2,3091.0,1545.5,1023.1835123769342,822.0,2269.0
902,6,12958.0,2159.6666666666665,1570.16937515246,459.0,4662.0
903,6,17269.5,2878.25,1379.3721669658264,425.0,4362.0
904,8,20107.5,2513.4375,1180.1479155930292,887.0,4083.0
905,8,19396.0,2424.5,1890.1314391181525,341.0,4899.0
906,5,13497.0,2699.4,2037.7563151662664,282.0,4914.0
907,2,3429.0,1714.5,2353.9584745700167,50.0,3379.0
908,3,7049.0,2349.6666666666665,1002.182784392814,1596.0,3487.0
909,6,12704.0,2117.3333333333335,1761.1490188699725,215.0,4513.0
910,5,14195.0,2839.0,1479.3755439373735,609.0,4501.0
911,5,12646.0,2529.2,1164.8393451459303,534.0,3546.0
912,5,13115.0,2623.0,2119.468801374533,53.0,4668.0
913,4,11723.0,2930.75,1243.8840715007702,1974.0,4612.0
914,5,12993.0,2598.6,1721.7326447506302,432.0,4762.0
915,8,16739.0,2092.375,1011.1109784362376,602.0,3773.0
916,9,18406.0,2045.111111111111,1633.7849800726872,10.0,4616.0
917,6,16050.0,2675.0,1256.1467669026576,1413.0,4706.0
918,4,9674.0,2418.5,1880.3365833452974,647.0,4272.0
919,4,9074.0,2268.5,1161.7241497016407,828.0,3317.0
920,3,5981.0,1993.6666666666667,553.6798112025879,1673.0,2633.0
921,4,11234.0,2808.5,1096.0500292717786,1316.0,3836.0
922,1,286.0,286.0,0.0,286.0,286.0
923,11,21334.0,1939.4545454545455,596.2766746463194,1000.0,2759.0
924,6,15589.0,2598.1666666666665,1090.4896912243905,823.0,4126.0
925,7,25714.0,3673.4285714285716,1381.7819240800213,1668.0,4968.0
926,7,17256.0,2465.1428571428573,1474.3057607533372,364.0,4157.0
927,3,6448.0,2149.3333333333335,2444.4325176476714,559.0,4964.0
928,7,19199.0,2742.714285714286,1479.0769322210972,270.0,4152.0
929,2,1335.0,667.5,843.5783899555512,71.0,1264.0
930,10,23861.0,2386.1,1193.092382564457,90.0,4381.0
931,5,11821.0,2364.2,1626.8763628499862,527.0,4335.0
932,3,4120.0,1373.3333333333333,1466.8893391572976,34.0,2941.0
933,6,17358.0,2893.0,1852.9414453781317,500.0,4762.0
934,4,13207.0,3301.75,1625.2374954654063,1039.0,4808.0
935,7,16155.0,2307.8571428571427,1591.4360840209104,475.0,4863.0
936,2,5115.0,2557.5,3335.422686856945,199.0,4916.0
937,5,8717.0,1743.4,2150.524424413729,73.0,4849.0
938,2,4276.0,2138.0,335.1686142824235,1901.0,2375.0
939,5,12446.0,2489.2,1557.8549996710221,515.0,4671.0
940,9,20808.0,2312.0,1591.431116951029,25.0,4713.0
941,4,14215.5,3553.875,891.8505456820293,2481.5,4430.0
942,7,22242.0,3177.4285714285716,1274.603710589146,939.0,4825.0
943,4,12583.0,3145.75,1290.907529608531,1780.0,4537.0
944,10,28010.0,2801.0,1493.7279984432687,681.0,4756.0
945,5,11326.0,2265.2,1431.4021796825655,1179.0,4639.0
946,4,8062.0,2015.5,1257.7346036956021,852.0,3659.0
947,4,10655.0,2663.75,1742.3972710033727,150.0,4134.0
948,8,16412.0,2051.5,1468.9246795822153,188.0,4040.0
949,6,10484.0,1747.3333333333333,325.0001025640864,1281.0,2201.0
951,2,2091.0,1045.5,224.15284963613556,887.0,1204.0
952,6,10566.0,1761.0,1472.0293475335334,76.0,3568.0
953,5,13239.0,2647.8,1423.8513616245202,1543.0,4629.0
954,7,14857.0,2122.4285714285716,1699.0386357332447,132.0,4500.0
955,6,17244.0,2874.0,1728.9111023994265,633.0,4690.0
956,3,3948.0,1316.0,761.6895693128533,730.0,2177.0
957,3,12351.0,4117.0,814.9423292479045,3287.0,4916.0
958,5,14942.0,2988.4,1214.3028040814202,1296.0,4442.0
959,11,30654.0,2786.7272727272725,771.5699697252467,1340.0,3986.0
960,5,15819.0,3163.8,1511.4061995373713,585.0,4506.0
961,3,4226.0,1408.6666666666667,1952.7717053801587,210.0,3662.0
962,6,12654.0,2109.0,1507.5405135517917,229.0,3630.0
963,7,17066.0,2438.0,2060.028397862515,350.0,4886.0
964,9,24420.0,2713.3333333333335,1380.7134025568087,57.0,4278.0
965,3,4884.0,1628.0,1195.5120241971638,493.0,2876.0
966,4,6787.0,1696.75,1504.9040667099016,29.0,3631.0
967,5,12900.0,2580.0,1305.7781205089937,1342.0,4509.0
968,5,6611.0,1322.2,585.2283315083097,590.0,1994.0
969,10,26852.0,2685.2,1779.7557760047366,259.0,4846.0
970,4,11934.0,2983.5,2000.8702273427596,195.0,4944.0
971,2,4164.0,2082.0,977.2215715998087,1391.0,2773.0
972,1,1065.0,1065.0,0.0,1065.0,1065.0
973,3,8433.0,2811.0,1625.0230767592195,1191.0,4441.0
974,4,6081.0,1520.25,1826.7171601901957,179.0,4219.0
975,5,10576.5,2115.3,1259.304847922059,498.0,3955.0
976,3,5424.0,1808.0,2485.7656768086567,158.0,4667.0
977,5,19254.5,3850.9,1043.4890032961537,2481.5,4980.0
978,2,8047.0,4023.5,354.26049737446033,3773.0,4274.0
979,3,3398.5,1132.8333333333333,1170.3531874324663,384.0,2481.5
980,5,11152.0,2230.4,1770.1068611809853,248.0,4279.0
981,3,8718.0,2906.0,1186.3224688085445,1746.0,4117.0
982,8,17867.0,2233.375,1315.3959683576,349.0,4184.0
983,5,12069.0,2413.8,1280.5392223590811,813.0,3874.0
984,6,16146.0,2691.0,920.4533665536783,1324.0,3826.0
985,4,10770.0,2692.5,1758.4854278611467,630.0,4873.0
986,5,15036.0,3007.2,1425.9881486183538,545.0,4091.0
987,8,24000.0,3000.0,1335.5953193774142,552.0,4461.0
988,8,16165.0,2020.625,1328.7463412125408,604.0,4729.0
989,5,13743.0,2748.6,1317.057060267322,1701.0,4668.0
990,5,15603.0,3120.6,1925.0170908332216,895.0,4835.0
991,5,16805.0,3361.0,1380.4609737330497,1174.0,4420.0
992,9,17408.0,1934.2222222222222,1747.6951806434795,41.0,4526.0
993,6,22024.0,3670.6666666666665,1517.2494411489056,777.0,4935.0
994,10,27064.0,2706.4,1237.424224391583,1166.0,4704.0
995,7,16524.5,2360.6428571428573,850.8261041621898,1252.0,3869.0
996,3,5773.0,1924.3333333333333,2631.8515029031055,366.0,4963.0
997,4,8201.5,2050.375,1067.8441970468664,685.0,3201.0
998,5,14211.0,2842.2,1223.705111536272,984.0,4360.0
999,9,23962.0,2662.4444444444443,1260.6254510272977,923.0,4914.0
1000,6,9652.0,1608.6666666666667,793.0570387221002,463.0,2484.0
